{"cameraMode":{"drawMode":0,"name":"Shaded","section":"Shading Mode"},"sceneLighting":false,"audioPlay":false,"sceneViewState":{"showFog":true,"showMaterialUpdate":false,"showSkybox":true,"showFlares":true,"showImageEffects":true,"showParticleSystems":true,"showVisualEffectGraphs":true,"m_FxEnabled":true},"in2DMode":false,"pivot":{"x":-3.2362282276153566,"y":0.1361994743347168,"z":3.584409713745117},"rotation":{"x":-0.09710703045129776,"y":-0.10519985854625702,"z":0.010321507230401039,"w":-0.9896423816680908},"size":5.5443830490112309,"orthographic":false}